ID,Condición del Inmueble,land_size,land_size_unit,total_area,total_area_unit,Latitud,Longitud,URL_FOR_REF
52913725,new,12,m²,210,m²,19.3311554,-99.2569392,https://www.inmuebles24.com/propiedades/bosque-6060-52913725.html
54456938,new,75,m²,75,m²,19.4818461,-99.1298335,https://www.inmuebles24.com/propiedades/sky-tower-lindavista-54456938.html
55534814,new,335,m²,185,m²,19.2791314,-99.1405709,https://www.inmuebles24.com/propiedades/ultimo-departamento-departamento-en-venta-tlalpan-55534814.html
60679141,new,56,m²,48,m²,19.4018103,-99.1069921,https://www.inmuebles24.com/propiedades/chicle-160-60679141.html
56515561,new,55,m²,55,m²,19.3504177,-99.3006964,https://www.inmuebles24.com/propiedades/up-santa-fe-56515561.html
60859941,52  Antigüedad,123,m²,123,m²,19.3887633,-99.177895,https://www.inmuebles24.com/propiedades/departamento-en-pennsylvania-ciudad-de-mexico-60859941.html
60716573,25  Antigüedad,82,m²,82,m²,19.4017078,-99.1618103,https://www.inmuebles24.com/propiedades/departamento-en-tanana-ciudad-de-mexico-60716573.html
60378003,A estrenar,155,m²,155,m²,19.4298517,-99.1814908,https://www.inmuebles24.com/propiedades/venta-de-departamento-en-polanco-ciudad-de-mexico-60378003.html
55070344,A estrenar,290,m²,290,m²,19.4170432,-99.2724162,https://www.inmuebles24.com/propiedades/se-vende-departamento-en-lomas-ciudad-de-mexico-55070344.html
60006486,30  Antigüedad,103,m²,103,m²,19.39360285,-99.17007042,https://www.inmuebles24.com/propiedades/departamento-en-venta-en-la-colonia-del-valle-ciudad-60006486.html
59640093,16  Antigüedad,328,m²,328,m²,19.3847298,-99.2604287,https://www.inmuebles24.com/propiedades/departamento-en-venta-en-una-de-las-mejores-colonias-59640093.html
60806063,A estrenar,87,m²,0,,19.40042453,-99.16205945,https://www.inmuebles24.com/propiedades/departamentos-en-venta-en-calle-amores-ciudad-de-60806063.html
60805936,A estrenar,41,m²,0,,19.37005565,-99.13973096,https://www.inmuebles24.com/propiedades/departamento-en-venta-en-benito-juarez-ciudad-de-60805936.html
60796327,3  Antigüedad,25,m²,83,m²,19.2860042,-99.147371,https://www.inmuebles24.com/propiedades/departamento-en-venta-guadalupe-tlalpan-ciudad-de-60796327.html
60722394,60  Antigüedad,136,m²,136,m²,19.4315581,-99.1899051,https://www.inmuebles24.com/propiedades/departamento-en-venta-masaryk-polanco-ciudad-de-60722394.html
59312087,A estrenar,63,m²,63,m²,19.28148661,-99.14245874,https://www.inmuebles24.com/propiedades/departamento-nuevo-en-venta-al-sur-en-la-ciudad-de-59312087.html
60163610,10  Antigüedad,192,m²,192,m²,19.433407,-99.2029756,https://www.inmuebles24.com/propiedades/vendo-departamento-colonia-polanco-ciudad-de-mexico-60163610.html
59867971,15  Antigüedad,101,m²,101,m²,19.4205242,-99.1626889,https://www.inmuebles24.com/propiedades/departamento-dinamico-en-colonia-roma-cuauhtemoc-de-59867971.html
60788204,15  Antigüedad,0,,92,m²,19.3951397,-99.1816773,https://www.inmuebles24.com/propiedades/departamento-en-venta-san-pedro-de-los-pinos-av-60788204.html
60626491,5  Antigüedad,55,m²,55,m²,19.45069553,-99.16333887,https://www.inmuebles24.com/propiedades/departamento-venta-ribera-santa-maria-cuauhtemoc-60626491.html
60745506,4  Antigüedad,901,m²,90,m²,19.443262,-99.2020314,https://www.inmuebles24.com/propiedades/departamentos-city-towers-polanco-df-ciudad-mexico-60745506.html
60668650,A estrenar,0,,80,m²,19.3807458,-99.1553016,https://www.inmuebles24.com/propiedades/departamento-nuevos-del.-benito-juarez-ciudad-de-60668650.html
60668564,A estrenar,0,,80,m²,19.3754117,-99.1442316,https://www.inmuebles24.com/propiedades/venta-departamento-nuevos-el.-benito-juarez-desarrollo-60668564.html
60569936,1  Antigüedad,57,m²,57,m²,19.31663115,-99.15692483,https://www.inmuebles24.com/propiedades/departamento-en-coyoacan-sur-de-la-ciudad-de-mexico-en-60569936.html
55739121,new,123,m²,70,m²,19.3529916,-99.2900402,https://www.inmuebles24.com/propiedades/senda-santa-fe-loft-de-1-recamara-15-min.-de-santa-fe-55739121.html
59885066,new,-,,65,m²,19.440669,-99.140124,https://www.inmuebles24.com/propiedades/torre-lazaro-59885066.html
59153607,10  Antigüedad,0,,72,m²,19.443262,-99.2020314,https://www.inmuebles24.com/propiedades/baja-de-precio-departamento-en-ampliacion-granada-59153607.html
60904815,5  Antigüedad,60,m²,60,m²,19.2693801,-99.1742219,https://www.inmuebles24.com/propiedades/lindo-departamento-en-venta-solo-infonavit-y-contado.-60904815.html
60970534,3  Antigüedad,121,m²,121,m²,19.361096,-99.163642,https://www.inmuebles24.com/propiedades/city-towers-5-60970534.html
60765357,5  Antigüedad,117,m²,117,m²,19.3594157,-99.289588,https://www.inmuebles24.com/propiedades/renta-departamento-be-grand-cuajimalpa-60765357.html
60508566,A estrenar,0,,40,m²,19.4373262,-99.1617888,https://www.inmuebles24.com/propiedades/col.-san-rafael-venta-departamentos-60508566.html
60186367,3  Antigüedad,0,,112,m²,19.3921274,-99.1792059,https://www.inmuebles24.com/propiedades/departamento-en-venta-en-napoles-60186367.html
59637396,2  Antigüedad,102,m²,102,m²,19.4195256,-99.162549,https://www.inmuebles24.com/propiedades/departamento-en-venta-en-la-roma-de-$-de-2r2b1e-59637396.html
59471767,A estrenar,73,m²,0,,19.3750772,-99.1899289,https://www.inmuebles24.com/propiedades/mixcoac-entrega-inmediata-excelentes-acabados-muy-59471767.html
60637797,4  Antigüedad,0,,350,m²,19.4279743,-99.1936966,https://www.inmuebles24.com/propiedades/venta-departamento-polanco-60637797.html
59255918,3  Antigüedad,76,m²,76,m²,19.4092984,-99.1878286,https://www.inmuebles24.com/propiedades/departamento-en-venta-en-san-miguel-chapultepec-59255918.html
58504335,A estrenar,0,,214,m²,19.3488987,-99.261431,https://www.inmuebles24.com/propiedades/venta-de-departamento-de-lujo-en-basalto-cumbres-de-58504335.html
56500552,A estrenar,1,m²,250,m²,19.3658566,-99.1877756,https://www.inmuebles24.com/propiedades/estrene-la-mejor-calidad-al-mejor-precio!-56500552.html
55875960,A estrenar,65,m²,60,m²,19.4429712,-99.1428735,https://www.inmuebles24.com/propiedades/departamento-en-venta-a-una-cuadra-de-reforma-55875960.html
60364050,50  Antigüedad,0,,240,m²,19.4238842,-99.2252931,https://www.inmuebles24.com/propiedades/departamento-en-venta-en-lomas-de-chapultepec-60364050.html
59040602,A estrenar,68,m²,68,m²,19.4062139,-99.1416265,https://www.inmuebles24.com/propiedades/deptos-en-venta-en-algarin-59040602.html
59062817,5  Antigüedad,252,m²,252,m²,19.3494322,-99.201497,https://www.inmuebles24.com/propiedades/departamento-en-venta-en-blvd.-adolfo-lopez-mateos-59062817.html
59080396,A estrenar,121,m²,121,m²,19.3791808,-99.1359914,https://www.inmuebles24.com/propiedades/departamento-en-venta-en-bertha-en-nativitas-59080396.html
60353492,6  Antigüedad,150,m²,150,m²,19.4345534,-99.1697322,https://www.inmuebles24.com/propiedades/villalongin-196-60353492.html
59080800,A estrenar,76,m²,76,m²,19.3791808,-99.1359914,https://www.inmuebles24.com/propiedades/departamento-en-venta-en-bertha-en-nativitas-59080800.html
59080743,A estrenar,118,m²,118,m²,19.3791808,-99.1359914,https://www.inmuebles24.com/propiedades/departamento-en-venta-en-bertha-en-nativitas-59080743.html
60302745,10  Antigüedad,0,,188,m²,19.4237486,-99.1711093,https://www.inmuebles24.com/propiedades/departamento-moderno-y-elegante-chic-en-paseo-de-la-60302745.html
59925747,A estrenar,53,m²,53,m²,19.3708652,-99.1542525,https://www.inmuebles24.com/propiedades/departamento-en-preventa-portales-norte-a-una-cuadra-59925747.html
59487236,A estrenar,180,m²,101,m²,19.3860862,-99.1607589,https://www.inmuebles24.com/propiedades/penthouse-con-terraza-privada-narvarte-descuentos-de-59487236.html
59382608,20  Antigüedad,138,m²,138,m²,19.4084799,-99.1759855,https://www.inmuebles24.com/propiedades/departamento-en-venta-a-unos-pasos-de-parque-espana-59382608.html
59484343,A estrenar,146,m²,73,m²,19.4315408,-99.1639198,https://www.inmuebles24.com/propiedades/departamento-en-venta-con-terraza-en-la-cuauhtemoc-a-59484343.html
58542486,A estrenar,111,m²,111,m²,19.3860862,-99.1607589,https://www.inmuebles24.com/propiedades/departamento-en-venta-en-narvarte-poniente-58542486.html
56956994,A estrenar,74,m²,74,m²,19.3708676,-99.1542693,https://www.inmuebles24.com/propiedades/pre-venta-de-amplio-departamento-en-portales-norte-56956994.html
55656223,A estrenar,56,m²,54,m²,19.3306525,-99.1543813,https://www.inmuebles24.com/propiedades/departamentos-en-coyoacan-55656223.html
59461744,A estrenar,116,m²,116,m²,19.3597264,-99.2037415,https://www.inmuebles24.com/propiedades/las-aguilas-departamento-nuevo-en-venta-59461744.html
59786676,25  Antigüedad,110,m²,110,m²,19.3087408,-99.218739,https://www.inmuebles24.com/propiedades/departamento-en-venta-en-unidad-habitacional-pemex-59786676.html
58721018,3  Antigüedad,4000,m²,192,m²,19.3337946,-99.2045297,https://www.inmuebles24.com/propiedades/departamento-en-venta-be-park-san-angel-3-recamaras-58721018.html
59743139,6  Antigüedad,0,,112,m²,19.3825328,-99.1584744,https://www.inmuebles24.com/propiedades/departamento-en-venta-en-vertiz-narvarte-av-59743139.html
59713919,A estrenar,175,m²,103,m²,19.3860862,-99.1607589,https://www.inmuebles24.com/propiedades/penthouse-con-terraza-privada-narvarte-descuentos-de-59713919.html
57410138,A estrenar,72,m²,72,m²,19.3750743,-99.1891522,https://www.inmuebles24.com/propiedades/departamento-en-venta-mixcoac-57410138.html
59487111,A estrenar,93,m²,87,m²,19.3860862,-99.1607589,https://www.inmuebles24.com/propiedades/departamento-en-venta-en-narvarte-59487111.html
59480387,13  Antigüedad,110,m²,110,m²,19.4219483,-99.1689141,https://www.inmuebles24.com/propiedades/departamento-en-venta-en-col.-roma-norte-59480387.html
56957418,A estrenar,73,m²,73,m²,19.3708676,-99.1542693,https://www.inmuebles24.com/propiedades/pre-venta-de-amplio-departamento-con-balcon-en-56957418.html
57348856,A estrenar,64,m²,64,m²,19.4002411,-99.1781044,https://www.inmuebles24.com/propiedades/pre-venta-departamento-en-escandon-57348856.html
56754657,A estrenar,51,m²,51,m²,19.3708652,-99.1542525,https://www.inmuebles24.com/propiedades/pre-venta-departamento-a-una-cuadra-del-parque-de-los-56754657.html
58943860,11  Antigüedad,145,m²,145,m²,19.3902977,-99.1762566,https://www.inmuebles24.com/propiedades/departamento-tipo-town-house-en-2-niveles-58943860.html
59212092,A estrenar,170,m²,143,m²,19.3940734,-99.1539178,https://www.inmuebles24.com/propiedades/estrena-uno-de-7-departamentos-exclusivos-de-lujo-en-59212092.html
58864712,A estrenar,136,m²,86,m²,19.4321207,-99.1606511,https://www.inmuebles24.com/propiedades/:oportunidad:-venta-a-cuadras-de-reforma-en-la-colonia-58864712.html
60597162,9  Antigüedad,79,m²,79,m²,19.380678,-99.1898836,https://www.inmuebles24.com/propiedades/departamento-de-2-recamaras-con-terraza-en-colonia-60597162.html
60275707,18  Antigüedad,77,m²,77,m²,19.4318092,-99.1670161,https://www.inmuebles24.com/propiedades/increible-departamento-en-rio-sena-49-a-una-cuadra-60275707.html
59690152,A estrenar,140,m²,170,m²,19.3819056,-99.1674328,https://www.inmuebles24.com/propiedades/estrena-uno-de-7-departamentos-exclusivos-de-lujo-59690152.html
60111791,14  Antigüedad,77,m²,77,m²,19.4029292,-99.1464349,https://www.inmuebles24.com/propiedades/departamento-100-remodelado-muy-cerca-de-narvarte-60111791.html
60006686,7  Antigüedad,82,m²,0,,19.3751089,-99.160028,https://www.inmuebles24.com/propiedades/comodo-departamento-en-av-cuauhtemoc-1176-col.-letran-60006686.html
59891510,4  Antigüedad,100,m²,100,m²,19.3564439,-99.1896573,https://www.inmuebles24.com/propiedades/departamento-en-venta-en-guadalupe-inn-59891510.html
59465217,2  Antigüedad,78,m²,78,m²,19.3370731,-99.2143097,https://www.inmuebles24.com/propiedades/departamento-de-2-recamaras-en-venta-en-olivar-de-los-59465217.html
60629380,8  Antigüedad,65,m²,65,m²,19.3876796,-99.1481462,https://www.inmuebles24.com/propiedades/narvarte-the-park-60629380.html
58958462,A estrenar,0,,210,m²,19.3658393,-99.1877776,https://www.inmuebles24.com/propiedades/estrene-la-mejor-calidad-al-mejor-precio!-$11-990-000-58958462.html
60561489,30  Antigüedad,270,m²,270,m²,19.4285316,-99.2160841,https://www.inmuebles24.com/propiedades/extraordinario-departamento-en-venta-lomas-de-60561489.html
55568398,11  Antigüedad,106,m²,106,m²,19.4423152,-99.1837891,https://www.inmuebles24.com/propiedades/departamento-en-venta-colonia-anahuac-1a-seccion-55568398.html
58191957,A estrenar,80,m²,80,m²,19.3370731,-99.2143097,https://www.inmuebles24.com/propiedades/departamento-de-2-recamaras-en-renta-en-olivar-de-los-58191957.html
60377480,A estrenar,550,m²,465,m²,19.377748,-99.2759596,https://www.inmuebles24.com/propiedades/ventanas-bosques-60377480.html
55427304,25  Antigüedad,170,m²,170,m²,19.2977966,-99.1973951,https://www.inmuebles24.com/propiedades/se-vende-amplio-departamento-en-jardines-en-la-montana-55427304.html
60264017,A estrenar,0,,225,m²,19.349787,-99.259752,https://www.inmuebles24.com/propiedades/departamento-en-venta-en-cumbres-santa-fe-60264017.html
58452592,12  Antigüedad,0,,67,m²,19.4486626,-99.2008733,https://www.inmuebles24.com/propiedades/depto-en-venta-5-de-mayo-miguel-hidalgo-estupenda-58452592.html
59501696,1  Antigüedad,62,m²,62,m²,19.4807018,-99.1079299,https://www.inmuebles24.com/propiedades/hermoso-departamento-en-desarrollo-exclusivo.-59501696.html
57089847,A estrenar,183,m²,183,m²,19.3705352,-99.1739616,https://www.inmuebles24.com/propiedades/departamento-en-venta-en-la-del-valle-57089847.html
54321653,En construcción  Antigüedad,277,m²,277,m²,19.3704484,-99.1869201,https://www.inmuebles24.com/propiedades/departamento-en-venta-en-san-jose-insurgentes-54321653.html
59626820,6  Antigüedad,164,m²,164,m²,19.336097,-99.1999919,https://www.inmuebles24.com/propiedades/departamento-en-venta-en-san-angel-con-vista-59626820.html
60751503,6  Antigüedad,121,m²,121,m²,19.41447487,-99.16709351,https://www.inmuebles24.com/propiedades/departamento-en-venta-en-la-zona-de-hipodromo-60751503.html
60808212,44  Antigüedad,110,m²,0,,19.3854595,-99.1662484,https://www.inmuebles24.com/propiedades/venta-de-departamento-col.-del-valle-alcaldia-benito-60808212.html
60252484,2  Antigüedad,60,m²,60,m²,19.3642896,-99.1617053,https://www.inmuebles24.com/propiedades/venta-renta-departamento-city-towers-green-60252484.html
59987482,1  Antigüedad,164,m²,164,m²,19.4366309,-99.186096,https://www.inmuebles24.com/propiedades/departamento-en-schiller-ciudad-de-mexico-59987482.html
59986497,1  Antigüedad,176,m²,176,m²,19.4331836,-99.1863664,https://www.inmuebles24.com/propiedades/departamento-en-schiller-ciudad-de-mexico-59986497.html
60284632,14  Antigüedad,102,m²,102,m²,19.3806445,-99.1791765,https://www.inmuebles24.com/propiedades/departamento-en-detroit-ciudad-de-mexico-60284632.html
60143023,3  Antigüedad,81,m²,81,m²,19.39306365,-99.1504173,https://www.inmuebles24.com/propiedades/departamento-en-narvarte-ciudad-de-mexico-60143023.html
60529091,A estrenar,154,m²,154,m²,19.4193454,-99.1580477,https://www.inmuebles24.com/propiedades/pent-house-con-fachada-catalogada-en-una-de-las-60529091.html
60480350,A estrenar,104,m²,104,m²,19.398943,-99.1582207,https://www.inmuebles24.com/propiedades/descuento-en-deptos-101-y-201-hasta-el-31-de-marzo-60480350.html
57832627,52  Antigüedad,180,m²,180,m²,19.3999494,-99.1573358,https://www.inmuebles24.com/propiedades/gran-oportunidad-57832627.html
59762119,A estrenar,151,m²,151,m²,19.4284528,-99.1868335,https://www.inmuebles24.com/propiedades/venta-departamento-en-polanco-ciudad-de-mexico-59762119.html
60438499,22  Antigüedad,90,m²,90,m²,19.2858066,-99.195538,https://www.inmuebles24.com/propiedades/venta-departamento-en-tlalpan-ciudad-de-mexico-60438499.html
60881541,A estrenar,63,m²,63,m²,hidden_address,hidden_address,https://www.inmuebles24.com/propiedades/departamento-en-venta-azcapotzalco-ciudad-de-mexico-60881541.html
60873003,A estrenar,73,m²,73,m²,hidden_address,hidden_address,https://www.inmuebles24.com/propiedades/departamento-en-venta-acacias-ciudad-de-mexico-60873003.html
60466180,41  Antigüedad,335,m²,335,m²,19.4294628,-99.1837218,https://www.inmuebles24.com/propiedades/departamento-en-ruben-dario-ciudad-de-mexico-60466180.html
60807356,A estrenar,140,m²,0,,19.41331203,-99.16187883,https://www.inmuebles24.com/propiedades/venta-departamento-en-la-roma-ciudad-de-mexico-60807356.html
59982603,5  Antigüedad,139,m²,139,m²,19.3147407,-99.1405355,https://www.inmuebles24.com/propiedades/departamento-en-calzada-de-tlalpan-ciudad-de-mexico-59982603.html
60008412,1  Antigüedad,162,m²,162,m²,19.4342775,-99.1910593,https://www.inmuebles24.com/propiedades/departamento-en-calle-arquimedes-ciudad-de-mexico-60008412.html
60319467,1  Antigüedad,86,m²,86,m²,19.2764617,-99.1781175,https://www.inmuebles24.com/propiedades/departamento-en-calle-del-convento-ciudad-de-mexico-60319467.html
60375323,1  Antigüedad,150,m²,150,m²,19.4326773,-99.1684276,https://www.inmuebles24.com/propiedades/departamento-en-rio-tigris-ciudad-de-mexico-60375323.html
60374270,1  Antigüedad,66,m²,66,m²,19.4373013,-99.1621548,https://www.inmuebles24.com/propiedades/departamento-en-guillermo-prieto-ciudad-de-mexico-60374270.html
60373440,1  Antigüedad,102,m²,102,m²,19.4060015,-99.1774894,https://www.inmuebles24.com/propiedades/departamento-en-benjamin-franklin-ciudad-de-mexico-60373440.html
60989177,A estrenar,63,m²,0,,19.37278462,-99.13874446,https://www.inmuebles24.com/propiedades/departamento-en-preventa-en-la-portales-benito-60989177.html
60816856,A estrenar,74,m²,0,,19.36317872,-99.15128879,https://www.inmuebles24.com/propiedades/departamento-en-venta-en-portales-benito-juarez-60816856.html
60816960,10  Antigüedad,71,m²,0,,19.38476535,-99.13622011,https://www.inmuebles24.com/propiedades/departamento-en-venta-ubicado-en-benito-juarez-ciudad-60816960.html
60408679,A estrenar,0,,65,m²,19.3613544,-99.1524642,https://www.inmuebles24.com/propiedades/departamento-en-portales-sur-benito-juarez-ciudad-de-60408679.html
60881282,A estrenar,65,m²,65,m²,hidden_address,hidden_address,https://www.inmuebles24.com/propiedades/departamento-en-venta-nuevo-polanco-ciudad-de-mexico-60881282.html
60875360,A estrenar,76,m²,76,m²,hidden_address,hidden_address,https://www.inmuebles24.com/propiedades/departamento-en-venta-insurgentes-mixcoac-ciudad-de-60875360.html
60873238,A estrenar,95,m²,95,m²,hidden_address,hidden_address,https://www.inmuebles24.com/propiedades/departamento-en-venta-san-jose-del-olivar-ciudad-de-60873238.html
60872202,8  Antigüedad,0,,43,m²,19.3777555,-99.1132538,https://www.inmuebles24.com/propiedades/venta-departamento-en-iztapalapa-ciudad-de-mexico-v-60872202.html
60779136,A estrenar,64,m²,64,m²,19.3872032,-99.195097,https://www.inmuebles24.com/propiedades/departamento-en-venta-zona-sur-de-ciudad-de-mexico-60779136.html
60806834,A estrenar,65,m²,0,,19.34035693,-99.19192293,https://www.inmuebles24.com/propiedades/departamento-a-la-venta-en-san-angel-ciudad-de-mexico-60806834.html
59567613,7  Antigüedad,0,,85,m²,19.40244394,-99.18225787,https://www.inmuebles24.com/propiedades/departamento-en-venta-en-escandon-miguel-hidalgo-59567613.html
59510689,6  Antigüedad,125,m²,125,m²,19.3975964,-99.1528153,https://www.inmuebles24.com/propiedades/hermoso-y-lujoso-ph-en-el-corazon-de-la-ciudad-de-59510689.html
57010240,6  Antigüedad,0,,60,m²,19.3795682,-99.2538313,https://www.inmuebles24.com/propiedades/departamento-en-venta-ubicado-en-ciudad-de-mexico-57010240.html
55651242,12  Antigüedad,432,m²,432,m²,19.37723108,-99.27688025,https://www.inmuebles24.com/propiedades/departamento-en-el-mejor-y-mas-bonito-club-de-golf-de-55651242.html
55762750,A estrenar,286,m²,286,m²,19.3852027,-99.2268619,https://www.inmuebles24.com/propiedades/venta-de-departamento-en-ciudad-de-mexico-santa-fe.-55762750.html
59321626,10  Antigüedad,64,m²,64,m²,19.4213906,-99.0856849,https://www.inmuebles24.com/propiedades/departamento-en-la-colonia-federal-venustiano-59321626.html
60003966,A estrenar,78,m²,78,m²,19.3943574,-99.1774462,https://www.inmuebles24.com/propiedades/departamento-en-venta-en-napoles-60003966.html
59611405,3  Antigüedad,132,m²,132,m²,19.4058693,-99.1728933,https://www.inmuebles24.com/propiedades/departamento-en-venta-en-condesa-59611405.html
60816877,A estrenar,94,m²,0,,19.38921829,-99.14995718,https://www.inmuebles24.com/propiedades/departamento-en-venta-en-narvarte-oriente-benito-60816877.html
60816871,A estrenar,105,m²,0,,19.39137468,-99.14738159,https://www.inmuebles24.com/propiedades/departamento-en-venta-en-narvarte-oriente-benito-60816871.html
60808210,A estrenar,90,m²,0,,19.4063019,-99.1792355,https://www.inmuebles24.com/propiedades/departamento-en-preventa-en-la-colonia-condesa-ciudad-60808210.html
60808209,A estrenar,70,m²,0,,19.40948281,-99.16084911,https://www.inmuebles24.com/propiedades/departamento-en-preventa-en-roma-sur-ciudad-de-mexico-60808209.html
60707566,4  Antigüedad,0,,109,m²,19.3674235,-99.185752,https://www.inmuebles24.com/propiedades/venta-departamento-col-napoles-del-benito-juarez-60707566.html
60707015,4  Antigüedad,0,,109,m²,19.3765413,-99.1802147,https://www.inmuebles24.com/propiedades/desarrollo-inmobiliarios-ciudad-mexico-departamentos-60707015.html
59992787,20  Antigüedad,137,m²,137,m²,19.3670193,-99.1764513,https://www.inmuebles24.com/propiedades/departamento-en-venta-2-recamaras-colonia-acacias-59992787.html
59857666,1  Antigüedad,180,m²,180,m²,19.3809145,-99.1809429,https://www.inmuebles24.com/propiedades/departamento-en-venta-colonia-nochebuena-alcaldia-59857666.html
60639827,A estrenar,190,m²,190,m²,19.3625508,-99.2757861,https://www.inmuebles24.com/propiedades/departamento-nuevo-en-venta-frente-a-liverpool-santa-60639827.html
60629957,10  Antigüedad,0,,52,m²,19.3265535,-99.1153818,https://www.inmuebles24.com/propiedades/departamento-en-venta-en-san-francisco-culhuacan-60629957.html
59699458,10  Antigüedad,0,,104,m²,19.4160066,-99.1637646,https://www.inmuebles24.com/propiedades/departamento-en-venta-en-la-condesa-59699458.html
60209777,19  Antigüedad,159,m²,159,m²,19.341471,-99.1746778,https://www.inmuebles24.com/propiedades/departamento-en-venta-en-romero-de-terreros-60209777.html
58820296,6  Antigüedad,120,m²,120,m²,19.4069777,-99.1735131,https://www.inmuebles24.com/propiedades/depto-en-venta-con-terraza-y-balcon-58820296.html
60423942,14  Antigüedad,57,m²,47,m²,19.3862817,-99.2242059,https://www.inmuebles24.com/propiedades/departamento-en-venta-alvaro-obregon-cuevitas-vasco-de-60423942.html
59904748,14  Antigüedad,156,m²,108,m²,19.3842169,-99.1632291,https://www.inmuebles24.com/propiedades/departamento-en-venta-en-del-valle-59904748.html
60149970,10  Antigüedad,113,m²,113,m²,19.3050187,-99.1815494,https://www.inmuebles24.com/propiedades/departamento-en-venta-en-insurgentes-cuicuilco-60149970.html
60163950,40  Antigüedad,2000,m²,150,m²,19.4299524,-99.1695089,https://www.inmuebles24.com/propiedades/departamento-en-venta-paseo-de-la-reforma-60163950.html
60024212,10  Antigüedad,0,,70,m²,19.4611986,-99.1341421,https://www.inmuebles24.com/propiedades/departamento-en-venta-en-peralvillo-60024212.html
59385465,5  Antigüedad,145,m²,145,m²,19.3904362,-99.1620281,https://www.inmuebles24.com/propiedades/venta-amplio-departamento-en-del-valle-145-m-sup2--3-59385465.html
57724548,5  Antigüedad,60,m²,50,m²,19.3592312,-99.285857,https://www.inmuebles24.com/propiedades/departamento-en-venta-a-5-minutos-de-santa-fe.-57724548.html
59933345,20  Antigüedad,0,,80,m²,19.3923057,-99.1709136,https://www.inmuebles24.com/propiedades/departamento-en-venta-en-del-valle-59933345.html
59936568,28  Antigüedad,62,m²,62,m²,19.3920603,-99.1774287,https://www.inmuebles24.com/propiedades/excelente-oportunidad-en-el-corazon-de-la-napoles-59936568.html
59636739,2  Antigüedad,98,m²,98,m²,19.4176331,-99.1564044,https://www.inmuebles24.com/propiedades/departamento-en-venta-en-la-roma-en-$-de-2r2b2e-59636739.html
57725927,10  Antigüedad,95,m²,95,m²,19.3741313,-99.2854884,https://www.inmuebles24.com/propiedades/departamento-en-venta-en-granjas-navidad-57725927.html
57428513,20  Antigüedad,86,m²,86,m²,19.3887423,-99.2126742,https://www.inmuebles24.com/propiedades/departamento-en-venta-en-camino-a-santa-fe-57428513.html
60746279,4  Antigüedad,925,m²,90,m²,null,null,https://www.inmuebles24.com/propiedades/venta-ciudad-mexico-departamento-city-tower-polanco-60746279.html
60707402,4  Antigüedad,0,,109,m²,19.3923907,-99.1580693,https://www.inmuebles24.com/propiedades/departamentos-col-napoles-zona-wtc-df-acepto-credito-60707402.html
60989052,2  Antigüedad,103,m²,0,,19.3692522,-99.1886962,https://www.inmuebles24.com/propiedades/departamento-en-venta-en-mixcoac-cdmx-60989052.html
60326254,2  Antigüedad,103,m²,164,m²,19.4284546,-99.1709021,https://www.inmuebles24.com/propiedades/penthouse-en-venta-con-roof-garden-privado-en-col.-60326254.html
60448497,A estrenar,0,,128,m²,19.3055352,-99.1834966,https://www.inmuebles24.com/propiedades/departamento-en-venta-en-insurgentes-cuicuilco-60448497.html
59954649,31  Antigüedad,0,,221,m²,19.3635444,-99.187167,https://www.inmuebles24.com/propiedades/departamento-en-venta-en-san-jose-insurgentes-59954649.html
59662881,A estrenar,0,,220,m²,19.4335308,-99.1888509,https://www.inmuebles24.com/propiedades/departamento-en-venta-en-polanco-59662881.html
60471053,A estrenar,92,m²,92,m²,19.3917285,-99.1762058,https://www.inmuebles24.com/propiedades/departamento-en-venta-en-napoles-60471053.html
57249904,A estrenar,55,m²,55,m²,19.4689049,-99.1547253,https://www.inmuebles24.com/propiedades/departamento-en-venta-en-azcapotzalco-57249904.html
55374159,A estrenar,80,m²,75,m²,19.3670068,-99.149561,https://www.inmuebles24.com/propiedades/renta-depto-nuevo-muy-seguro-y-encantador-en-portales-55374159.html
60387455,A estrenar,304,m²,203,m²,19.3915892,-99.1593162,https://www.inmuebles24.com/propiedades/departamento-en-venta-en-narvarte-60387455.html
58442238,A estrenar,90,m²,90,m²,19.3641262,-99.2787997,https://www.inmuebles24.com/propiedades/estrena-departamento-a-5-minutos-de-santa-fe-alta-58442238.html
56278273,A estrenar,88,m²,88,m²,19.3811304,-99.1671743,https://www.inmuebles24.com/propiedades/ideal-para-extranjeros!-calle-amores!-56278273.html
59472485,A estrenar,227,m²,227,m²,19.4421312,-99.2029162,https://www.inmuebles24.com/propiedades/estrena-plaza-carso!-59472485.html
60932914,A estrenar,298,m²,0,,19.3584956,-99.2816768,https://www.inmuebles24.com/propiedades/departamento-en-venta-en-mediterranea-cuajimalpa-60932914.html
60923002,10  Antigüedad,70,m²,0,,19.4312599,-99.177098,https://www.inmuebles24.com/propiedades/garden-house-tipo-loft-en-anzures-en-venta-cdmx-60923002.html
57454416,5  Antigüedad,89,m²,89,m²,19.3974794,-99.1523942,https://www.inmuebles24.com/propiedades/departamento-interior-en-venta-57454416.html
59287977,3  Antigüedad,120,m²,120,m²,19.3863105,-99.1545729,https://www.inmuebles24.com/propiedades/departamento-para-invertir!-120-m-sup2--narvarte-59287977.html
60563194,50  Antigüedad,0,,173,m²,19.416634,-99.178925,https://www.inmuebles24.com/propiedades/hermoso-ph-en-col-condesa-en-venta-60563194.html
60468126,5  Antigüedad,119,m²,124,m²,19.3247782,-99.2149756,https://www.inmuebles24.com/propiedades/departamento-venta-en-jardines-del-pedregal-begrand-60468126.html
60807034,A estrenar,95,m²,0,,19.3643216,-99.1932827,https://www.inmuebles24.com/propiedades/departamentos-en-barranca-del-muerto-nuevos-60807034.html
60807027,A estrenar,87,m²,0,,19.3643216,-99.1932827,https://www.inmuebles24.com/propiedades/departamentos-nuevos-de-calidad-barranca-del-muerto-60807027.html
60806774,A estrenar,77,m²,0,,19.4149803,-99.1774462,https://www.inmuebles24.com/propiedades/se-vende-departamento-vanguardista-nuevo-en-la-condesa-60806774.html
60108975,12  Antigüedad,70000,m²,78,m²,19.4342202,-99.1456585,https://www.inmuebles24.com/propiedades/departamento-2-recamaras-2-banos-en-venta-en-el-centro-60108975.html
60581125,10  Antigüedad,200,m²,78,m²,19.3885831,-99.2602383,https://www.inmuebles24.com/propiedades/increibles-departamentos-modernos-chamizal-inversion-60581125.html
60478853,3  Antigüedad,76,m²,75,m²,19.2933045,-99.1375535,https://www.inmuebles24.com/propiedades/departamento-en-venta-en-paseos-del-sur-60478853.html
57524062,A estrenar,108,m²,108,m²,19.4064652,-99.1779461,https://www.inmuebles24.com/propiedades/venta-renta-precioso-departamento-penthouse-en-57524062.html
60555897,5  Antigüedad,105,m²,105,m²,19.3147016,-99.1401533,https://www.inmuebles24.com/propiedades/departamento-en-venta-be-grand-coyoacan-60555897.html
58935088,25  Antigüedad,100,m²,100,m²,19.4328221,-99.188099,https://www.inmuebles24.com/propiedades/departamento-en-hegel-en-polanco-estilo-frances-58935088.html
60470768,11  Antigüedad,70000,m²,0,,19.4342202,-99.1456585,https://www.inmuebles24.com/propiedades/departamento-2-recamaras-2-banos-puerta-alameda-centro-60470768.html
59307533,7  Antigüedad,60,m²,60,m²,19.3402619,-99.2150592,https://www.inmuebles24.com/propiedades/depto-en-venta-en-av-toluca-excelente-precio-59307533.html
60247716,6  Antigüedad,0,,89,m²,19.4269197,-99.174089,https://www.inmuebles24.com/propiedades/departamento-en-venta-en-la-mejor-ubicacion-60247716.html
59608068,A estrenar,0,,64,m²,19.4593793,-99.1884281,https://www.inmuebles24.com/propiedades/departamento-en-venta-mexico-tacuba-59608068.html
60321844,6  Antigüedad,159,m²,159,m²,19.4324596,-99.1903491,https://www.inmuebles24.com/propiedades/departamento-en-venta-en-polanco-60321844.html
60287090,10  Antigüedad,0,,100,m²,19.3856987,-99.1800981,https://www.inmuebles24.com/propiedades/departamento-en-venta-en-napoles-cdmx-60287090.html
59282629,5  Antigüedad,120,m²,120,m²,19.3387076,-99.2338832,https://www.inmuebles24.com/propiedades/tetelpan-departamento-venta-desierto-de-los-leones-a-59282629.html
60163339,12  Antigüedad,70000,m²,46,m²,19.4342202,-99.1456585,https://www.inmuebles24.com/propiedades/departamento-1-recamara-1-bano.-puerta-alameda-centro-60163339.html
54919891,A estrenar,163,m²,125,m²,19.4797928,-99.1911084,https://www.inmuebles24.com/propiedades/exclusivo-departamento-de-125-m-sup2--2-54919891.html
59410080,A estrenar,70,m²,70,m²,19.4063695,-99.1620193,https://www.inmuebles24.com/propiedades/romasur-a-estrenar-2recamaras-2banos-1auto1bodega-59410080.html
59292759,10  Antigüedad,0,,280,m²,19.3898716,-99.2394226,https://www.inmuebles24.com/propiedades/departamento-en-venta-en-paseo-de-la-reforma-59292759.html
59107552,15  Antigüedad,63,m²,63,m²,19.4451716,-99.0940961,https://www.inmuebles24.com/propiedades/departamento-en-venta-en-transvaal-126-aquiles-serdan-59107552.html
57087536,40  Antigüedad,0,,250,m²,19.416634,-99.178925,https://www.inmuebles24.com/propiedades/departamento-en-venta-la-condesa-57087536.html
59067229,A estrenar,0,,78,m²,19.3970711,-99.071159,https://www.inmuebles24.com/propiedades/agricola-oriental-en-venta-59067229.html
58455201,30  Antigüedad,172,m²,172,m²,19.4084125,-99.1760234,https://www.inmuebles24.com/propiedades/hermoso-p.-h-en-el-corazon-de-la-condesa-58455201.html
60895112,A estrenar,0,,128,m²,19.4082228,-99.175602,https://www.inmuebles24.com/propiedades/exclusivo-departamento-en-calle-ensenada-condesa-cdmx-60895112.html
59786062,12  Antigüedad,0,,105,m²,19.4181497,-99.1773362,https://www.inmuebles24.com/propiedades/departamento-105-m-sup2--en-col.-condesa-59786062.html
59085926,30  Antigüedad,65,m²,0,,19.4286278,-99.1720571,https://www.inmuebles24.com/propiedades/departamento-en-venta-cuauhtemoc-59085926.html
57200010,20  Antigüedad,238,m²,0,,19.3903142,-99.17057118,https://www.inmuebles24.com/propiedades/venta-departamento-en-colonia-del-valle-cdmx-ti-d-57200010.html
58912816,4  Antigüedad,135,m²,135,m²,19.373217,-99.2691977,https://www.inmuebles24.com/propiedades/departamento-en-venta-en-be-grand-lomas-paseo-de-las-58912816.html
58950020,A estrenar,0,,102,m²,19.3636328,-99.2797317,https://www.inmuebles24.com/propiedades/departamento-en-venta-en-santa-fe-58950020.html
60964234,A estrenar,0,,121,m²,19.3741641,-99.1576599,https://www.inmuebles24.com/propiedades/departamento-en-av-division-del-nte.-1368-letran-valle-60964234.html
58079630,32  Antigüedad,150,m²,234,m²,19.4976975,-99.1300288,https://www.inmuebles24.com/propiedades/lindavista:-amplisimo-departamento-en-planta-baja-58079630.html
60405083,A estrenar,0,,48,m²,19.498293,-99.155558,https://www.inmuebles24.com/propiedades/departamentos-en-venta-en-vallejo-60405083.html
60783528,12  Antigüedad,95,m²,95,m²,19.3791621,-99.1435722,https://www.inmuebles24.com/propiedades/departamento-en-venta-en-la-col.-independencia-60783528.html
60123698,10  Antigüedad,100,m²,100,m²,19.3939543,-99.1681524,https://www.inmuebles24.com/propiedades/del-valle-centro-benito-juarez-departamento-en-venta-60123698.html
60070210,14  Antigüedad,115,m²,115,m²,19.413284,-99.1633881,https://www.inmuebles24.com/propiedades/departamento-en-venta-roma-norte-cuauhtemoc-san-60070210.html
60353577,45  Antigüedad,169,m²,169,m²,19.33644648,-99.20709848,https://www.inmuebles24.com/propiedades/departamento-en-venta-u.-independencia-batan-torre-60353577.html
57445344,6  Antigüedad,97,m²,97,m²,19.3964698,-99.1757645,https://www.inmuebles24.com/propiedades/se-vende-departamento-en-residencial-world-trade-57445344.html
60491117,16  Antigüedad,80,m²,80,m²,19.3641879,-99.1727894,https://www.inmuebles24.com/propiedades/venta-de-departamento-en-av-coyoacan-colonia-acacias-60491117.html
60146761,5  Antigüedad,0,,210,m²,19.3739131,-99.164362,https://www.inmuebles24.com/propiedades/oportunidad-espacioso-gran-vista-luminoso-excelente-60146761.html
60112192,A estrenar,0,,81,m²,19.3653821,-99.1657221,https://www.inmuebles24.com/propiedades/departamento-pre-venta-avalon-benito-juarez-60112192.html
58004686,A estrenar,69,m²,73,m²,19.3280099,-99.1560028,https://www.inmuebles24.com/propiedades/hermosos-departamentos-3-recamara-en-av-aztecas-58004686.html
60112096,A estrenar,0,,62,m²,19.3840199,-99.1831667,https://www.inmuebles24.com/propiedades/departamento-en-venta-tintoreto-ciudad-de-los-deportes-60112096.html
60970966,10  Antigüedad,139,m²,0,,19.3965137,-99.1688749,https://www.inmuebles24.com/propiedades/venta-de-departamento-en-la-colonia-del-valle-cdmx-60970966.html
60574122,A estrenar,0,,124,m²,19.3090282,-99.1370542,https://www.inmuebles24.com/propiedades/departamento-en-venta-en-ex-hacienda-coapa-60574122.html
60592569,10  Antigüedad,0,,64,m²,19.3032626,-99.1750458,https://www.inmuebles24.com/propiedades/departamento-en-venta-en-parque-del-pedregal-60592569.html
60630273,2  Antigüedad,0,,70,m²,19.3884563,-99.1748941,https://www.inmuebles24.com/propiedades/departamento-en-venta-en-napoles-60630273.html
59191963,30  Antigüedad,0,,61,m²,19.2755954,-99.1630861,https://www.inmuebles24.com/propiedades/departamento-en-venta-en-san-pedro-martir-tlalpan-59191963.html
59191723,40  Antigüedad,0,,67,m²,19.2948434,-99.1032081,https://www.inmuebles24.com/propiedades/departamento-en-venta-en-unidad-habitacional-hueso-59191723.html
60963136,50  Antigüedad,61,m²,0,,19.2893346,-99.1283895,https://www.inmuebles24.com/propiedades/venta-de-departamento-en-villa-coapa-tlalpan-cdmx-60963136.html
60935880,5  Antigüedad,77,m²,0,,19.3250256,-99.1402104,https://www.inmuebles24.com/propiedades/departamento-en-venta-en-el-sur-alcaldia-coyoacan-60935880.html
60926107,A estrenar,120,m²,0,,19.4488569,-99.1770639,https://www.inmuebles24.com/propiedades/departamento-en-venta-en-miguel-hidalgo-cdmx-60926107.html
60921832,2  Antigüedad,110,m²,0,,19.3765391,-99.1847064,https://www.inmuebles24.com/propiedades/garden-house-en-venta-en-col.-san-juan-cdmx-60921832.html
60874278,42  Antigüedad,3000,m²,0,,19.38695371,-99.16736158,https://www.inmuebles24.com/propiedades/departamento-en-venta-a-un-super-precio-en-av-eugenia-60874278.html
59328030,A estrenar,64,m²,64,m²,19.3791041,-99.2539658,https://www.inmuebles24.com/propiedades/impresionante-departamento-venta-o-renta-65-m-sup2--2-59328030.html
59328299,A estrenar,63,m²,63,m²,19.4335413,-99.1997739,https://www.inmuebles24.com/propiedades/exclusivo-y-ubicadisimo-departamento-en-venta-en-59328299.html
60247104,2  Antigüedad,75,m²,75,m²,19.3423816,-99.1895969,https://www.inmuebles24.com/propiedades/oportunidad-depto-exclusivo-en-san-angel-60247104.html
59215648,25  Antigüedad,82,m²,82,m²,19.3750773,-99.182767,https://www.inmuebles24.com/propiedades/departamento-en-venta-en-insurgentes-mixcoac-59215648.html
60495954,10  Antigüedad,178,m²,178,m²,19.4380138,-99.1954895,https://www.inmuebles24.com/propiedades/departamento-venta-polanco-miyana-piso-alto-con-60495954.html
60807074,15  Antigüedad,260,m²,0,,19.4329577,-99.1865091,https://www.inmuebles24.com/propiedades/en-venta-hermoso-departamento-en-polanco-60807074.html
60807061,35  Antigüedad,80,m²,0,,19.4458701,-99.1333144,https://www.inmuebles24.com/propiedades/venta-departamento-peralvillo-cuauhtemoc-60807061.html
60806950,A estrenar,78,m²,0,,19.36137,-99.1521,https://www.inmuebles24.com/propiedades/en-venta-departamento-nuevo-con-diseno-inigualable-en-60806950.html
60806905,A estrenar,78,m²,0,,19.3608965,-99.1496114,https://www.inmuebles24.com/propiedades/departamento-de-lujo-en-venta-en-la-colonia-portales-60806905.html
60806350,10  Antigüedad,65,m²,0,,19.4417775,-99.1838539,https://www.inmuebles24.com/propiedades/departamento-en-venta-cerca-de-polanco-60806350.html
60766096,6  Antigüedad,56,m²,56,m²,19.4446709,-99.1808873,https://www.inmuebles24.com/propiedades/departamento-en-venta-lago-silverio-mariano-escobedo-60766096.html
58938279,8  Antigüedad,0,,76,m²,19.2811232,-99.1941478,https://www.inmuebles24.com/propiedades/departamento-en-venta-en-miguel-hidalgo-58938279.html
60628204,5  Antigüedad,110,m²,140,m²,19.3611003,-99.2735972,https://www.inmuebles24.com/propiedades/bonito-departamento-en-venta-60628204.html
60627392,3  Antigüedad,200,m²,160,m²,19.4337346,-99.1990235,https://www.inmuebles24.com/propiedades/departamento-en-venta-en-polanco-60627392.html
60622146,25  Antigüedad,0,,120,m²,19.3659062,-99.2956866,https://www.inmuebles24.com/propiedades/departamento-en-venta-en-jesus-del-monte-60622146.html
56189117,25  Antigüedad,175,m²,175,m²,19.3990953,-99.1660784,https://www.inmuebles24.com/propiedades/viva-comodo-con-gran-amplitud-y-seguridad-56189117.html
60524458,10  Antigüedad,148,m²,148,m²,19.3606068,-99.2693706,https://www.inmuebles24.com/propiedades/departamento-en-venta-en-haus-santa-fe-60524458.html
60521427,5  Antigüedad,0,,130,m²,19.3750223,-99.149256,https://www.inmuebles24.com/propiedades/departamento-con-terraza-en-venta-en-eje-central-del-60521427.html
59312385,10  Antigüedad,114,m²,114,m²,19.3990685,-99.1579239,https://www.inmuebles24.com/propiedades/departamento-en-venta-en-narvarte-poniente-59312385.html
58776738,A estrenar,98,m²,80,m²,19.4355059,-99.1666697,https://www.inmuebles24.com/propiedades/la-mejor-vista-en-san-rafael-58776738.html
57446977,A estrenar,92,m²,77,m²,19.4355059,-99.1666697,https://www.inmuebles24.com/propiedades/espectacular-departamento-en-san-rafael-57446977.html
59102479,A estrenar,193,m²,180,m²,19.430915,-99.215222,https://www.inmuebles24.com/propiedades/exclusivo-departamento-en-lomas-de-chapultepec-59102479.html
57558198,A estrenar,62,m²,50,m²,19.4355059,-99.1666697,https://www.inmuebles24.com/propiedades/party-at-home-el-mejor-departamento-57558198.html
59102790,A estrenar,200,m²,180,m²,19.430915,-99.215222,https://www.inmuebles24.com/propiedades/departamento-con-home-office-incluida-exclusivo-y-en-59102790.html
60335720,A estrenar,99,m²,99,m²,19.4218077,-99.1644083,https://www.inmuebles24.com/propiedades/oaxaca-30-roma-norte-preventa-60335720.html
60268765,2  Antigüedad,150,m²,150,m²,19.4400628,-99.1830266,https://www.inmuebles24.com/propiedades/estrene-departamento-en-nuevo-polanco!-60268765.html
59979189,19  Antigüedad,82,m²,82,m²,19.3455114,-99.2134846,https://www.inmuebles24.com/propiedades/ubicadisimo-departamento-3-recamaras-en-galaxia-san-59979189.html
60035329,2  Antigüedad,105,m²,175,m²,19.5029389,-99.1222151,https://www.inmuebles24.com/propiedades/departamento-con-roof-privado-a-5-minutos-de-60035329.html
60026226,10  Antigüedad,76,m²,76,m²,19.4421836,-99.1859995,https://www.inmuebles24.com/propiedades/departamento-en-renta-en-3-lagos-polanco-$21000-2r2b2e-60026226.html
59331995,A estrenar,100,m²,100,m²,19.4099772,-99.1676058,https://www.inmuebles24.com/propiedades/departamento-en-venta-en-condesa-excelente-ubicacion-59331995.html
59717353,24  Antigüedad,65,m²,65,m²,19.4436573,-99.1707183,https://www.inmuebles24.com/propiedades/departamento-en-venta-en-anahuac-59717353.html
59994313,A estrenar,57,m²,57,m²,19.4694575,-99.1393137,https://www.inmuebles24.com/propiedades/exclusivos-departamentos-en-venta-en-insurgentes-norte-59994313.html
55778958,A estrenar,79,m²,79,m²,19.3469543,-99.2052762,https://www.inmuebles24.com/propiedades/estrene-departamento-de-lujo-55778958.html
53945878,5  Antigüedad,52,m²,52,m²,19.3553144,-99.2899917,https://www.inmuebles24.com/propiedades/venta-y-o-renta-depto.-ph.-a-10-minutos-de-santa-fe.-53945878.html
58792792,50  Antigüedad,153,m²,113,m²,19.3940386,-99.1631117,https://www.inmuebles24.com/propiedades/venta-departamento-del-valle-norte-58792792.html
59942880,A estrenar,100,m²,100,m²,19.2718867,-99.1281936,https://www.inmuebles24.com/propiedades/departamento-en-venta-en-ampliacion-tepepan-vaqueritos-59942880.html
59941678,4  Antigüedad,120,m²,120,m²,19.4101624,-99.1879817,https://www.inmuebles24.com/propiedades/excelente-departamento-en-venta-san-miguel-chapultepec-59941678.html
59873553,A estrenar,120,m²,120,m²,19.3971775,-99.1681646,https://www.inmuebles24.com/propiedades/departamento-en-venta-en-colonia-del-valle-59873553.html
59838423,4  Antigüedad,148,m²,118,m²,19.3965518,-99.1604479,https://www.inmuebles24.com/propiedades/departamento-en-venta-en-narvarte-59838423.html
59827634,A estrenar,0,,117,m²,19.439641,-99.1995083,https://www.inmuebles24.com/propiedades/departamento-en-venta-en-miyana-59827634.html
59752734,38  Antigüedad,90,m²,90,m²,19.4455938,-99.1619341,https://www.inmuebles24.com/propiedades/centrico-muy-ubicado-depto-sta-maria-la-rivera-59752734.html
57863750,23  Antigüedad,63,m²,63,m²,19.3694283,-99.2920839,https://www.inmuebles24.com/propiedades/departamento-en-venta-exterior-con-2-recamaras-1-57863750.html
59351972,5  Antigüedad,110,m²,110,m²,19.3610189,-99.1623762,https://www.inmuebles24.com/propiedades/amplio-y-ubicadisimo-departamento-en-venta-en-general-59351972.html
59649997,20  Antigüedad,74,m²,74,m²,19.321085,-99.1041154,https://www.inmuebles24.com/propiedades/departamento-planta-baja-59649997.html
59642024,2  Antigüedad,0,,105,m²,19.4395508,-99.1821945,https://www.inmuebles24.com/propiedades/departamento-en-be-grand-alto-polanco-59642024.html
59607610,23  Antigüedad,120,m²,120,m²,19.3109852,-99.1335786,https://www.inmuebles24.com/propiedades/amplio-departamento-en-venta-en-ex-hacienda-coapa-59607610.html
59357950,A estrenar,570,m²,390,m²,19.4268767,-99.1903658,https://www.inmuebles24.com/propiedades/exclusivo-departamento-de-lujo-ubicado-en-edificio-con-59357950.html
53955663,A estrenar,79,m²,79,m²,19.3936856,-99.1675193,https://www.inmuebles24.com/propiedades/departamentos-vita-del-valle-53955663.html
57232531,A estrenar,90,m²,90,m²,19.3469543,-99.2052762,https://www.inmuebles24.com/propiedades/departamento-en-venta-acabados-de-lujo.-excelente-57232531.html
59403897,15  Antigüedad,245,m²,245,m²,19.4244186,-99.2253502,https://www.inmuebles24.com/propiedades/departamento-en-venta-en-lomas-de-chapultepec-59403897.html
59272255,5  Antigüedad,0,,137,m²,19.3342912,-99.239905,https://www.inmuebles24.com/propiedades/venta-departamento-citta-san-jeronimo-59272255.html
59041619,6  Antigüedad,65,m²,65,m²,19.3584652,-99.2867007,https://www.inmuebles24.com/propiedades/precioso-departamento-en-venta-a-solo-5-minutos-de-59041619.html
57087800,35  Antigüedad,0,,400,m²,19.4335738,-99.1874065,https://www.inmuebles24.com/propiedades/departamento-en-venta-polanco-57087800.html
58298228,20  Antigüedad,310,m²,240,m²,19.3706237,-99.181051,https://www.inmuebles24.com/propiedades/p.-h.-super-ubicado-con-terraza-y-roof-garden-58298228.html
57387316,5  Antigüedad,103,m²,103,m²,19.3342912,-99.239905,https://www.inmuebles24.com/propiedades/venta-departamento-en-citta-san-jeronimo-muy-cerca-de-57387316.html
57769358,A estrenar,65,m²,47,m²,19.3972669,-99.1015214,https://www.inmuebles24.com/propiedades/hermosos-departamentos-en-preventa-plutarco-57769358.html
56620614,10  Antigüedad,297,m²,161,m²,19.4364253,-99.1913304,https://www.inmuebles24.com/propiedades/en-venta-moderno-departamento-de-2-niveles-en-el-56620614.html
58022818,A estrenar,70,m²,70,m²,19.3038139,-99.1771469,https://www.inmuebles24.com/propiedades/departamento-en-venta-alto-pedregal-be-grand.-pedregal-58022818.html
58023206,A estrenar,127,m²,127,m²,19.3038139,-99.1771469,https://www.inmuebles24.com/propiedades/departamento-en-venta-en-be-grand-alto-pedregal-3-58023206.html
60709457,15  Antigüedad,0,,65,m²,19.3844508,-99.1718278,https://www.inmuebles24.com/propiedades/patricio-sanz-1046-del-valle-60709457.html
60868478,51  Antigüedad,154,m²,154,m²,19.3854433,-99.1814321,https://www.inmuebles24.com/propiedades/excelente-y-amplio-departamento-muy-ubicado-60868478.html
60762394,21  Antigüedad,325,m²,325,m²,19.3749118,-99.2767392,https://www.inmuebles24.com/propiedades/departamento-en-venta-lomas-de-vista-hermosa-60762394.html
60377950,5  Antigüedad,0,,135,m²,19.3614296,-99.2683808,https://www.inmuebles24.com/propiedades/departamento-en-venta-santa-fe-magno-house-60377950.html
59800497,A estrenar,7000,m²,124,m²,19.3455487,-99.2850493,https://www.inmuebles24.com/propiedades/departamento-en-preventa-en-santa-fe-59800497.html
60265864,17  Antigüedad,0,,162,m²,19.3709417,-99.2834737,https://www.inmuebles24.com/propiedades/hermoso-departamento-en-venta-desierto-de-los-leones-60265864.html
60112482,A estrenar,0,,47,m²,19.4857947,-99.1726843,https://www.inmuebles24.com/propiedades/departamentos-en-pre-venta-azcapotzalco-60112482.html
60112279,A estrenar,0,,71,m²,19.3386676,-99.2434307,https://www.inmuebles24.com/propiedades/departamento-en-pre-venta-en-desierto-de-los-leones-60112279.html
60112029,A estrenar,0,,60,m²,19.3967731,-99.1645925,https://www.inmuebles24.com/propiedades/departamento-en-venta-mier-y-pesado-colonia-del-valle-60112029.html
59878760,A estrenar,73,m²,72,m²,19.3769124,-99.2588762,https://www.inmuebles24.com/propiedades/departamento-en-venta-santa-fe-blum-residencial-59878760.html
56819713,En construcción  Antigüedad,73,m²,0,,19.487241,-99.1935502,https://www.inmuebles24.com/propiedades/venta-de-departamento-azcapotzalco-ciudad-de-mexico-56819713.html
59119296,A estrenar,0,,69,m²,19.3923907,-99.1580693,https://www.inmuebles24.com/propiedades/departamentos-en-venta-en-narvarte-benito-juarez-59119296.html
60886793,10  Antigüedad,156,m²,0,,19.4312599,-99.177098,https://www.inmuebles24.com/propiedades/ph-tipo-loft-en-venta-en-anzures-ciudad-de-mexico-60886793.html
58648222,A estrenar,283,m²,0,,19.3000055,-99.1904033,https://www.inmuebles24.com/propiedades/exclusivo-departamento-en-la-mejor-zona-del-sur-de-la-58648222.html
53439777,2   Recámaras,139,m²,139,m²,19.4195256,-99.162549,https://www.inmuebles24.com/propiedades/departamento-en-venta-en-col.-roma-norte-ciudad-mexico-53439777.html
59117149,15  Antigüedad,0,,98,m²,19.3863928,-99.2255625,https://www.inmuebles24.com/propiedades/departamento-en-venta-residencial-boscoso-santa-fe-59117149.html
53440007,1   Medio baño,123,m²,123,m²,19.37307421,-99.26103047,https://www.inmuebles24.com/propiedades/departamento-en-venta-santa-fe-ciudad-mexico-53440007.html
53440005,1   Medio baño,94,m²,94,m²,19.35805203,-99.27291105,https://www.inmuebles24.com/propiedades/departamento-en-venta-santa-fe-ciudad-mexico-53440005.html
53439934,3   Recámaras,119,m²,119,m²,19.35841643,-99.26471421,https://www.inmuebles24.com/propiedades/exclusivo-departamento-en-venta-santa-fe-ciudad-mexico-53439934.html
55346930,1   Medio baño,189,m²,189,m²,19.4376344,-99.2099821,https://www.inmuebles24.com/propiedades/elegante-departamento-en-venta-polanco-ciudad-de-55346930.html
53439586,2   Recámaras,176,m²,176,m²,19.4318149,-99.1940586,https://www.inmuebles24.com/propiedades/venta-de-departamento-en-colonia-polanco-de-la-ciudad-53439586.html
53439933,2   Recámaras,113,m²,113,m²,19.35665989,-99.26769733,https://www.inmuebles24.com/propiedades/departamento-en-venta-santa-fe-ciudad-de-mexico-53439933.html
60872324,15  Antigüedad,123,m²,0,,19.3141851,-99.2460829,https://www.inmuebles24.com/propiedades/departamento-en-venta-ubicado-en-el-toro-la-magdalena-60872324.html
60969065,10  Antigüedad,90,m²,90,m²,19.4112713,-99.1633655,https://www.inmuebles24.com/propiedades/-ultimos-remates!-coahuila-159-col-roma-norte-60969065.html
60953384,15  Antigüedad,90,m²,90,m²,19.4112713,-99.1633655,https://www.inmuebles24.com/propiedades/-ultimos-remates!-coahuila-159-col-roma-norte-60953384.html
60953369,15  Antigüedad,60,m²,60,m²,19.4114785,-99.1643187,https://www.inmuebles24.com/propiedades/-ultimos-remates!-medellin-210-col-roma-norte-60953369.html
60942252,5  Antigüedad,100,m²,100,m²,19.3869002,-99.1779004,https://www.inmuebles24.com/propiedades/-ultimos-remates!-wisconsin-47-napoles-benito-juarez-60942252.html
60601509,16  Antigüedad,80,m²,80,m²,19.3874329,-99.145025,https://www.inmuebles24.com/propiedades/-ultimos-remates!ninos-heroes-de-chapultepec-102-60601509.html
60598945,15  Antigüedad,130,m²,130,m²,19.4125733,-99.1554097,https://www.inmuebles24.com/propiedades/-ultimos-remates!-depto-coahuila-num-14-roma-cuahtemoc-60598945.html
60631226,2  Antigüedad,70,m²,70,m²,19.2939417,-99.1051313,https://www.inmuebles24.com/propiedades/anillo-periferico-sur-7650-colonia-granjas-coapa-60631226.html
60601163,17  Antigüedad,100,m²,100,m²,19.3659355,-99.2331847,https://www.inmuebles24.com/propiedades/-ultimos-remates!-calandrias-21-colina-del-sur-alvaro-60601163.html
58649452,A estrenar,508,m²,0,,19.3000055,-99.1904033,https://www.inmuebles24.com/propiedades/exclusivo-departamento-en-venta-en-la-mejor-zona-del-58649452.html
58649092,A estrenar,701,m²,0,,19.3000055,-99.1904033,https://www.inmuebles24.com/propiedades/magnifico-departamento-de-2-niveles-en-la-mejor-zona-58649092.html
53439887,3   Recámaras,184,m²,184,m²,19.3863928,-99.2255625,https://www.inmuebles24.com/propiedades/innovador-departamento-piso-alto-ubicado-en-santa-fe-53439887.html
60933948,2   Recámaras,0,,0,,19.29950582,-99.17909426,https://www.inmuebles24.com/propiedades/departamento-con-alta-plusvalia-en-zona-de-hospitales-60933948.html
60859612,10  Antigüedad,115,m²,115,m²,19.4405817,-99.1865548,https://www.inmuebles24.com/propiedades/departamento-en-venta-115-m-sup2--en-parques-polanco-60859612.html
60822068,10  Antigüedad,52,m²,0,,19.3698313,-99.2906828,https://www.inmuebles24.com/propiedades/departamento-en-venta-ubicado-en-san-jose-de-los-60822068.html
60850864,6  Antigüedad,72,m²,72,m²,19.47090719,-99.18548426,https://www.inmuebles24.com/propiedades/departamento-en-venta-en-ciudad-de-mexico-60850864.html
60550592,A estrenar,94,m²,94,m²,19.4548251,-99.1577456,https://www.inmuebles24.com/propiedades/preventa-de-departamento-en-la-ciudad-de-mexico-60550592.html
60713082,9  Antigüedad,63,m²,63,m²,19.4186073,-99.1696563,https://www.inmuebles24.com/propiedades/departamento-en-salamanca-ciudad-de-mexico-60713082.html
60552677,2   Recámaras,76,m²,76,m²,19.359922,-99.290791,https://www.inmuebles24.com/propiedades/departamento-en-cuajimalpa-ciudad-de-mexico-60552677.html
60379974,2  Antigüedad,77,m²,77,m²,19.4267478,-99.17641,https://www.inmuebles24.com/propiedades/departamento-en-shakespeare-ciudad-de-mexico-60379974.html
58627922,A estrenar,69,m²,69,m²,19.3618491,-99.0177276,https://www.inmuebles24.com/propiedades/departamento-en-la-ciudad-de-mexico-58627922.html
58545002,A estrenar,69,m²,69,m²,19.3618491,-99.0177276,https://www.inmuebles24.com/propiedades/departamento-en-la-ciudad-de-mexico-58545002.html
58539668,40  Antigüedad,20,m²,70,m²,19.43048565,-99.12179332,https://www.inmuebles24.com/propiedades/departamento-en-el-corazon-de-la-ciudad-de-mexico.-58539668.html
60878418,A estrenar,76,m²,76,m²,hidden_address,hidden_address,https://www.inmuebles24.com/propiedades/departamento-en-venta-ciudad-de-los-deportes-ciudad-de-60878418.html
60729477,4  Antigüedad,64,m²,64,m²,19.4867409,-99.2039239,https://www.inmuebles24.com/propiedades/departamentos-en-venta-en-azcapotzalco-ciudad-de-60729477.html
60932709,A estrenar,190,m²,190,m²,hidden_address,hidden_address,https://www.inmuebles24.com/propiedades/departamento-en-venta-polanco-ciudad-de-mexico-60932709.html
60910708,A estrenar,76,m²,76,m²,19.3858877,-99.1523826,https://www.inmuebles24.com/propiedades/departamento-en-venta-narvarte-ciudad-de-mexico-60910708.html
60729567,1   Estacionamiento,135,m²,135,m²,19.416634,-99.178925,https://www.inmuebles24.com/propiedades/departamento-en-venta-en-la-condesa-ciudad-de-mexico-60729567.html
60815981,13  Antigüedad,140,m²,140,m²,19.4335598,-99.18608,https://www.inmuebles24.com/propiedades/venta-de-departamento-en-polanco-ciudad-de-mexico-60815981.html
60813191,A estrenar,370,m²,0,,19.35924123,-99.20047194,https://www.inmuebles24.com/propiedades/departamento-en-venta-al-poniente-de-la-ciudad-de-60813191.html
59795730,25  Antigüedad,105,m²,105,m²,19.36121297,-99.28876576,https://www.inmuebles24.com/propiedades/departamento-venta-en-cuajimalpa-ciudad-de-mexico-59795730.html
60726014,15  Antigüedad,55,m²,55,m²,19.4374863,-99.1237872,https://www.inmuebles24.com/propiedades/se-vende-departamento-centro-ciudad-de-mexico-60726014.html
59389545,4  Antigüedad,240,m²,240,m²,19.3585861,-99.185752,https://www.inmuebles24.com/propiedades/espectacular-departamento-en-venta-en-ciudad-de-mexico-59389545.html
59766008,12  Antigüedad,0,,0,,19.3000961,-99.1919819,https://www.inmuebles24.com/propiedades/departamento-en-venta-en-tlalpan-ciudad-de-mexico-59766008.html
60611266,22  Antigüedad,70,m²,70,m²,19.458787,-99.1520202,https://www.inmuebles24.com/propiedades/venta-de-departamento-cuauhtemoc-ciudad-de-mexico-60611266.html
60611044,15  Antigüedad,91,m²,91,m²,19.3531217,-99.2869839,https://www.inmuebles24.com/propiedades/venta-de-departamento-ciudad-de-mexico-las-tinajas-60611044.html
60611012,15  Antigüedad,90,m²,90,m²,19.3531217,-99.2869839,https://www.inmuebles24.com/propiedades/venta-de-departamento-ciudad-de-mexico-cuajimalpa-60611012.html
60610965,15  Antigüedad,92,m²,92,m²,19.3531217,-99.2869839,https://www.inmuebles24.com/propiedades/venta-de-departamento-las-tinajas-ciudad-de-mexico-60610965.html
60572008,A estrenar,90,m²,159,m²,19.3565086,-99.1895158,https://www.inmuebles24.com/propiedades/-preventa!-hermosos-departamentos-en-la-ciudad-de-60572008.html
59045709,2   Recámaras,95,m²,95,m²,19.366058,-99.272369,https://www.inmuebles24.com/propiedades/departamento-en-venta-la-cite-ciudad-de-mexico-59045709.html
60139326,18  Antigüedad,70,m²,70,m²,19.37245,-99.291322,https://www.inmuebles24.com/propiedades/departamento-en-parque-cuajimalpa-ciudad-de-mexico-60139326.html
60130353,A estrenar,60,m²,60,m²,19.426753,-99.1618449,https://www.inmuebles24.com/propiedades/departamento-en-venta-en-el-corazon-de-la-ciudad-de-60130353.html
58016789,A estrenar,293,m²,293,m²,19.389688,-99.2651309,https://www.inmuebles24.com/propiedades/se-vende-departamento-en-ciudad-de-mexico-cuajimalpa-58016789.html
59838757,2   Recámaras,273,m²,273,m²,19.324778,-99.214975,https://www.inmuebles24.com/propiedades/penthouse-en-san-jeronimo-ciudad-de-mexico-59838757.html
59505811,2   Recámaras,105,m²,105,m²,19.441652,-99.208758,https://www.inmuebles24.com/propiedades/departamento-en-grand-polanco-ciudad-de-mexico-59505811.html
59552161,2   Recámaras,372,m²,372,m²,19.431379,-99.20143,https://www.inmuebles24.com/propiedades/departamento-en-venta-en-polanco-ciudad-de-mexico-59552161.html
59624586,40  Antigüedad,64,m²,64,m²,19.4896353,-99.1728782,https://www.inmuebles24.com/propiedades/departamento-en-venta-azcapotzalco-ciudad-de-mexico-59624586.html
59420928,A estrenar,64,m²,68,m²,19.4113186,-99.2494583,https://www.inmuebles24.com/propiedades/vendo-departamento-en-polanco-ciudad-de-mexico-59420928.html
55645275,A estrenar,0,,38,m²,19.462973,-99.1381804,https://www.inmuebles24.com/propiedades/departamento-nuevo-en-la-ciudad-de-mexico-cdmx-55645275.html
59166549,7  Antigüedad,52,m²,72,m²,19.2726056,-99.1606302,https://www.inmuebles24.com/propiedades/departamento-en-venta-en-tlalpan-ciudad-de-mexico-59166549.html
59141391,33  Antigüedad,41,m²,41,m²,19.4396892,-99.1317148,https://www.inmuebles24.com/propiedades/venta-departamento-en-cento-de-la-ciudad-de-mexico-59141391.html
59140394,10  Antigüedad,0,,111,m²,19.4326577,-99.1774462,https://www.inmuebles24.com/propiedades/departamento-en-venta-en-anzures-ciudad-de-mexico-59140394.html
57430046,A estrenar,0,,57,m²,19.269315,-99.2182913,https://www.inmuebles24.com/propiedades/departamento-en-chimilli-tlalpan-en-ciudad-de-mexico-57430046.html
58826664,A estrenar,47,m²,47,m²,19.4342202,-99.1456585,https://www.inmuebles24.com/propiedades/centro-ciudad-de-mexico-puerta-alameda-58826664.html
58712423,16  Antigüedad,19,m²,61,m²,19.4286221,-99.1460195,https://www.inmuebles24.com/propiedades/venta-departamento-centro-ciudad-de-mexico-58712423.html
57681967,A estrenar,150,m²,150,m²,19.38162307,-99.16204278,https://www.inmuebles24.com/propiedades/vendo-departamento-escriturado-en-la-ciudad-de-mexico-57681967.html
60597691,17  Antigüedad,100,m²,100,m²,19.3713465,-99.141026,https://www.inmuebles24.com/propiedades/-ultimos-remates!-bonito-depto-hamburgo-40-benito-60597691.html
59394602,1  Antigüedad,80,m²,80,m²,19.3833422,-99.1817201,https://www.inmuebles24.com/propiedades/departamento-en-col.-ciudad-de-los-deportes-benito-59394602.html
60704678,1  Antigüedad,288,m²,288,m²,19.4375187,-99.1878809,https://www.inmuebles24.com/propiedades/penthouse-en-venta-polanco-v-seccion-ciudad-de-60704678.html
60988601,11  Antigüedad,120,m²,120,m²,19.439537,-99.181628,https://www.inmuebles24.com/propiedades/departamento-en-venta-en-ciudad-de-mexico-en-parques-60988601.html
60729476,21  Antigüedad,305,m²,305,m²,19.3799427,-99.2658645,https://www.inmuebles24.com/propiedades/departamento-en-venta-en-lomas-de-vista-hermosa-60729476.html
60975723,A estrenar,170,m²,170,m²,19.36778,-99.17403,https://www.inmuebles24.com/propiedades/departamento-en-city-tower-ii-ciudad-de-mexico-60975723.html
60961039,10  Antigüedad,53,m²,136,m²,19.3834453,-99.0354277,https://www.inmuebles24.com/propiedades/hermoso-departamento-en-lancero-de-oaxaca-ciudad-de-60961039.html
60570044,50  Antigüedad,52,m²,52,m²,19.4057595,-99.1370328,https://www.inmuebles24.com/propiedades/departamento-en-venta-a-10-minutos-del-centro-de-la-60570044.html
60924201,A estrenar,79,m²,79,m²,19.3608557,-99.1470861,https://www.inmuebles24.com/propiedades/departamento-en-venta-portales-norte-ciudad-de-mexico-60924201.html
60755990,A estrenar,57,m²,57,m²,19.4062671,-99.1445752,https://www.inmuebles24.com/propiedades/hermoso-departamento-nuevo-en-venta-en-cuauhtemoc-60755990.html
60758782,A estrenar,60,m²,60,m²,19.4062671,-99.1445752,https://www.inmuebles24.com/propiedades/hermoso-departamento-nuevo-en-venta-en-cuauhtemoc-60758782.html
59210255,20  Antigüedad,1,m²,156,m²,19.3839246,-99.1481386,https://www.inmuebles24.com/propiedades/departamento-en-venta-narvarte-benito-juarez-ciudad-59210255.html
60877893,A estrenar,75,m²,75,m²,hidden_address,hidden_address,https://www.inmuebles24.com/propiedades/departamento-en-venta-san-diego-churubusco-ciudad-de-60877893.html
59846499,50  Antigüedad,97,m²,97,m²,19.4237,-99.167,https://www.inmuebles24.com/propiedades/departamento-en-venta-en-zona-rosa-ciudad-de-mexico-59846499.html
57236610,2   Recámaras,194,m²,194,m²,19.428755,-99.155755,https://www.inmuebles24.com/propiedades/pre-venta-penthouse-roma-norte-ciudad-de-mexico-57236610.html
60831016,6  Antigüedad,0,,95,m²,19.3817299,-99.1649891,https://www.inmuebles24.com/propiedades/departamento-en-venta-o-renta-colonia-del-valle-60831016.html
60817664,3  Antigüedad,52,m²,0,,19.3567491,-99.2888122,https://www.inmuebles24.com/propiedades/departamento-en-venta-ubicado-en-cuajimalpa-de-60817664.html
60817590,38  Antigüedad,157,m²,0,,19.4080812,-99.1695954,https://www.inmuebles24.com/propiedades/venta-de-penthouse-en-la-condesa-cuauhtemoc-ciudad-60817590.html
60817577,A estrenar,70,m²,0,,19.39842459,-99.16788157,https://www.inmuebles24.com/propiedades/departamento-en-preventa-en-la-del-valle-benito-60817577.html
60817499,A estrenar,122,m²,0,,19.358034,-99.2721354,https://www.inmuebles24.com/propiedades/departamento-en-venta-en-santa-fe-cuajimalpa-ciudad-60817499.html
60817498,A estrenar,97,m²,0,,19.35814169,-99.27206456,https://www.inmuebles24.com/propiedades/departamento-en-venta-en-santa-fe-cuajimalpa-ciudad-60817498.html
60817177,16  Antigüedad,106,m²,0,,19.39339104,-99.17710991,https://www.inmuebles24.com/propiedades/departamento-en-venta-ubicado-en-benito-juarez-ciudad-60817177.html
60817019,13  Antigüedad,74,m²,0,,19.4481228,-99.1379405,https://www.inmuebles24.com/propiedades/departamento-en-venta-ubicado-en-cuauhtemoc-ciudad-de-60817019.html
60816939,4  Antigüedad,92,m²,0,,19.3655546,-99.29822146,https://www.inmuebles24.com/propiedades/departamento-en-venta-ubicado-en-cuajimalpa-de-60816939.html
60816937,13  Antigüedad,55,m²,0,,19.44544384,-99.18084434,https://www.inmuebles24.com/propiedades/departamento-en-venta-ubicado-en-miguel-hidalgo-60816937.html
60816887,A estrenar,78,m²,0,,19.3644197,-99.15231618,https://www.inmuebles24.com/propiedades/departamento-en-venta-ubicado-en-benito-juarez-ciudad-60816887.html
60816869,A estrenar,60,m²,0,,19.36370688,-99.15096014,https://www.inmuebles24.com/propiedades/departamento-en-venta-en-portales-benito-juarez-60816869.html
60816826,6  Antigüedad,77,m²,0,,19.3801146,-99.1932587,https://www.inmuebles24.com/propiedades/departamento-en-venta-ubicado-en-alvaro-obregon-60816826.html
60816804,3  Antigüedad,77,m²,0,,19.40679459,-99.10758357,https://www.inmuebles24.com/propiedades/vendo-departamento-jardin-balbuena-ciudad-de-mexico-60816804.html
60816553,21  Antigüedad,315,m²,0,,19.43438758,-99.18770905,https://www.inmuebles24.com/propiedades/departamento-en-venta-ubicado-en-miguel-hidalgo-60816553.html
60812963,A estrenar,63,m²,0,,19.37651276,-99.13980604,https://www.inmuebles24.com/propiedades/departamento-en-venta-en-ciudad-de-mexico-elisa-60812963.html
60477857,A estrenar,109,m²,109,m²,19.3604742,-99.0901865,https://www.inmuebles24.com/propiedades/departamento-en-venta-san-pablo-iztapalapa-ciudad-60477857.html
59694516,A estrenar,95,m²,95,m²,19.4644369,-99.1753699,https://www.inmuebles24.com/propiedades/bonito-departamento-en-venta-en-ciudad-de-mexico-59694516.html
60678461,A estrenar,73,m²,73,m²,19.4431776,-99.2023662,https://www.inmuebles24.com/propiedades/vendo-departamento-en-ampliacion-granada-ciudad-de-60678461.html
60648122,5  Antigüedad,297,m²,237,m²,19.3575564,-99.18181096,https://www.inmuebles24.com/propiedades/en-venta-pent-house-en-la-florida-ciudad-de-mexico-60648122.html
60626886,16  Antigüedad,0,,60,m²,19.4371882,-99.1307418,https://www.inmuebles24.com/propiedades/remate-bancario-departamento-centro-ciudad-de-mexico-60626886.html
60611381,17  Antigüedad,92,m²,92,m²,19.4480127,-99.1530272,https://www.inmuebles24.com/propiedades/venta-de-departamento-santa-maria-la-ribera-ciudad-60611381.html
60611320,20  Antigüedad,80,m²,80,m²,19.4082705,-99.1478845,https://www.inmuebles24.com/propiedades/venta-de-departamento-buenos-aires-cuauhtemoc-60611320.html
60611097,15  Antigüedad,93,m²,93,m²,19.3531217,-99.2869839,https://www.inmuebles24.com/propiedades/venta-de-departamento-en-ciudad-de-mexico-cuajimalpa-60611097.html
60610923,15  Antigüedad,92,m²,92,m²,19.3531217,-99.2869839,https://www.inmuebles24.com/propiedades/departamento-en-venta-las-tinajas-cuajimalpa-ciudad-60610923.html
59944147,3   Recámaras,195,m²,195,m²,19.435598,-99.206662,https://www.inmuebles24.com/propiedades/departamento-venta-miguel-hildago-polanco-ciudad-59944147.html
58389501,1   Recámara,69,m²,69,m²,19.323431,-99.228478,https://www.inmuebles24.com/propiedades/preventa-de-departamentos-en-tizapan-ciudad-de-58389501.html
60014484,2   Recámaras,130,m²,130,m²,19.437557,-99.212573,https://www.inmuebles24.com/propiedades/departamento-venta-polanco-miguel-hidalgo-ciudad-60014484.html
60558995,9  Antigüedad,135,m²,135,m²,19.3362129,-99.2020648,https://www.inmuebles24.com/propiedades/vende-departamento-tizapan-san-angel-ciudad-de-mexico-60558995.html
59408242,A estrenar,0,,98,m²,19.4092152,-99.1709742,https://www.inmuebles24.com/propiedades/departamento-en-venta-amsterdam-hipodromo-ciudad-de-59408242.html
58861498,A estrenar,144,m²,144,m²,19.4350377,-99.1924617,https://www.inmuebles24.com/propiedades/departamento-en-venta-polanco-iv-seccion-ciudad-de-58861498.html
60405705,A estrenar,92,m²,92,m²,19.4099772,-99.1676058,https://www.inmuebles24.com/propiedades/departamento-en-av-insurgentes-sur-ciudad-de-mexico-60405705.html
60443878,8  Antigüedad,67,m²,67,m²,19.4212659,-99.0658966,https://www.inmuebles24.com/propiedades/departamento-bien-ubicado-en-pantitlan-ciudad-de-60443878.html
59233798,2  Antigüedad,105,m²,105,m²,19.3672839,-99.1628635,https://www.inmuebles24.com/propiedades/departamento-en-venta-en-eje-7-ciudad-de-mexico-59233798.html
60376238,20  Antigüedad,60,m²,68,m²,19.2822381,-99.2236365,https://www.inmuebles24.com/propiedades/departamento-en-venta-heroes-de-padierna-ciudad-de-60376238.html
58141113,6  Antigüedad,78,m²,78,m²,19.376781,-99.137628,https://www.inmuebles24.com/propiedades/departamento-en-venta-benito-juarez-ciudad-de-mexico-58141113.html
59582162,A estrenar,166,m²,84,m²,19.4433401,-99.14758195,https://www.inmuebles24.com/propiedades/super-departamento-en-buenavista-en-la-ciudad-de-59582162.html
59376469,A estrenar,0,,66,m²,19.3861033,-99.1905863,https://www.inmuebles24.com/propiedades/en-venta-departamento-en-lujoso-desarrollo-al-sur-de-59376469.html
59999078,A estrenar,80,m²,80,m²,19.4646978,-99.1238425,https://www.inmuebles24.com/propiedades/amalia-12-guadalupe-tepeyac-ciudad-de-mexico-59999078.html
59990158,6  Antigüedad,172,m²,172,m²,19.3719018,-99.1695522,https://www.inmuebles24.com/propiedades/departamento-en-venta-en-colonia-del-valle-en-la-59990158.html
59970496,A estrenar,440,m²,440,m²,19.3991854,-99.2342575,https://www.inmuebles24.com/propiedades/departamento-en-venta-paseo-de-la-reforma-ciudad-de-59970496.html
59965174,A estrenar,144,m²,144,m²,19.3937744,-99.1883308,https://www.inmuebles24.com/propiedades/-exclusivo-departamento-en-la-mejor-zona-del-sur-del-59965174.html
59357994,A estrenar,0,,121,m²,19.4100911,-99.173918,https://www.inmuebles24.com/propiedades/condesa-la-colonia-con-mas-historia-y-tradicion-en-la-59357994.html
58243234,A estrenar,240,m²,240,m²,19.3631707,-99.2628695,https://www.inmuebles24.com/propiedades/se-renta-departamento-en-santa-fe-ciudad-de-mexico-58243234.html
59852778,16  Antigüedad,674,m²,75,m²,19.3985204,-99.1886547,https://www.inmuebles24.com/propiedades/-venta-de-departamento-en-tacubaya-ciudad-de-mexico-a-59852778.html
56530333,2   Recámaras,139,m²,139,m²,19.351844,-99.259243,https://www.inmuebles24.com/propiedades/departamento-en-tres-cumbres-ciudad-de-mexico-santa-56530333.html
56453510,3   Recámaras,459,m²,459,m²,19.354428,-99.260022,https://www.inmuebles24.com/propiedades/pent-house-en-ciudad-de-mexico-santa-fe-56453510.html
56453522,3   Recámaras,188,m²,188,m²,19.354428,-99.260022,https://www.inmuebles24.com/propiedades/departamento-en-tres-cumbres-santa-fe-ciudad-de-56453522.html
59293641,3   Recámaras,294,m²,294,m²,19.386392,-99.225562,https://www.inmuebles24.com/propiedades/penthouse-en-tres-cumbres-santa-fe-ciudad-de-mexico-59293641.html
59756370,1  Antigüedad,86,m²,86,m²,19.3588093,-99.212654,https://www.inmuebles24.com/propiedades/ampliacion-las-aguilas-alvaro-obregon-ciudad-de-mexico-59756370.html
59728469,50  Antigüedad,0,,65,m²,19.4321195,-99.1897365,https://www.inmuebles24.com/propiedades/se-vende-depto.-remodelado-en-lamartine-polanco-59728469.html
59709246,2  Antigüedad,283,m²,283,m²,19.302027,-99.1905303,https://www.inmuebles24.com/propiedades/departamento-en-parque-del-pedregal.-tlalpan-ciudad-59709246.html
59707142,32  Antigüedad,180,m²,180,m²,19.3058187,-99.2281004,https://www.inmuebles24.com/propiedades/departamento-en-venta-en-fuentes-de-pedregal-tlalpan-59707142.html
59611778,20  Antigüedad,53,m²,80,m²,19.4574327,-99.1248567,https://www.inmuebles24.com/propiedades/departamento-en-valle-gomez-cuauhtemoc-ciudad-de-59611778.html
58978876,A estrenar,91,m²,91,m²,19.4125628,-99.172435,https://www.inmuebles24.com/propiedades/departamento-venta-cyta-condesa-ciudad-de-mexico-58978876.html
59431018,1  Antigüedad,60,m²,60,m²,19.437874,-99.1209041,https://www.inmuebles24.com/propiedades/departamento-en-col.-morelos-venustiano-carranza-59431018.html
59429894,1  Antigüedad,60,m²,60,m²,19.439721,-99.1450196,https://www.inmuebles24.com/propiedades/departamento-en-col.-guerrero-cuauhtemoc-ciudad-de-59429894.html
59429641,1  Antigüedad,60,m²,60,m²,19.4408966,-99.1407758,https://www.inmuebles24.com/propiedades/departamento-en-col.-guerrero-cuauhtemoc-ciudad-de-59429641.html
59428985,1  Antigüedad,60,m²,60,m²,19.379729,-99.052816,https://www.inmuebles24.com/propiedades/departamento-en-col.-chinampac-de-juarez-iztapalapa-59428985.html
59422330,1  Antigüedad,68,m²,68,m²,19.358753,-99.171847,https://www.inmuebles24.com/propiedades/departamento-en-col.-viveros-de-coyoacan-coyoacan-59422330.html
59417698,1  Antigüedad,68,m²,68,m²,19.4114263,-99.1643063,https://www.inmuebles24.com/propiedades/departamento-en-col.-roma-norte-cuauhtemoc-ciudad-de-59417698.html
59417310,1  Antigüedad,70,m²,70,m²,19.4239827,-99.1609748,https://www.inmuebles24.com/propiedades/departamento-en-col.-roma-norte-cuauhtemoc-ciudad-de-59417310.html
59417162,1  Antigüedad,68,m²,68,m²,19.30011569,-99.11235712,https://www.inmuebles24.com/propiedades/departamento-en-col.-granjas-coapa-tlalpan-ciudad-de-59417162.html
59415904,1  Antigüedad,65,m²,65,m²,19.4641335,-99.1557066,https://www.inmuebles24.com/propiedades/departamento-en-col.-del-gas-azcapotzalco-ciudad-de-59415904.html
59415332,1  Antigüedad,78,m²,78,m²,19.3764822,-99.164535,https://www.inmuebles24.com/propiedades/departamento-en-col.-del-valle-benito-juarez-ciudad-59415332.html
59415293,1  Antigüedad,70,m²,70,m²,19.44201839,-99.18607256,https://www.inmuebles24.com/propiedades/departamento-en-col.-anahuac-miguel-hidalgo-ciudad-59415293.html
59415041,1  Antigüedad,78,m²,78,m²,19.3701996,-99.1462639,https://www.inmuebles24.com/propiedades/departamento-en-col.-portales-benito-juarez-ciudad-59415041.html
59415011,1  Antigüedad,70,m²,70,m²,19.3830908,-99.1899949,https://www.inmuebles24.com/propiedades/departamento-en-col.-mixcoac-benito-juarez-ciudad-de-59415011.html
59414884,1  Antigüedad,70,m²,70,m²,19.4900721,-99.177915,https://www.inmuebles24.com/propiedades/departamento-en-col.-santa-catarina-azcapotzalco-59414884.html
59414777,1  Antigüedad,65,m²,65,m²,19.4814269,-99.1948158,https://www.inmuebles24.com/propiedades/departamento-en-col.-santa-lucia-azcapotzalco-ciudad-59414777.html
59404693,1  Antigüedad,95,m²,95,m²,19.4348398,-99.1521771,https://www.inmuebles24.com/propiedades/departamento-en-col.-tabacalera-cuauhtemoc-ciudad-de-59404693.html
59403701,1  Antigüedad,100,m²,100,m²,19.428455,-99.170902,https://www.inmuebles24.com/propiedades/departamento-en-col.-cuauhtemoc-cuauhtemoc-ciudad-de-59403701.html
59394985,1  Antigüedad,75,m²,75,m²,19.3812166,-99.1795121,https://www.inmuebles24.com/propiedades/departamento-en-col.-napoles-benito-juarez-ciudad-de-59394985.html
59363833,1  Antigüedad,80,m²,80,m²,19.3559118,-99.1219191,https://www.inmuebles24.com/propiedades/departamento-en-col.-prado-churubusco-coyoacan-59363833.html
59363754,1  Antigüedad,70,m²,70,m²,19.4751873,-99.1750185,https://www.inmuebles24.com/propiedades/departamento-en-col.-jardin-azpeitia-azcapotzalco-59363754.html
59356097,1  Antigüedad,110,m²,100,m²,19.2595392,-99.0176256,https://www.inmuebles24.com/propiedades/casa-en-col.-los-reyes-tlahuac-ciudad-de-mexico-59356097.html
59355895,1  Antigüedad,70,m²,70,m²,19.4014083,-99.1283803,https://www.inmuebles24.com/propiedades/departamento-en-col.-viaducto-piedad-iztacalco-59355895.html
59355790,1  Antigüedad,70,m²,70,m²,19.382576,-99.1492904,https://www.inmuebles24.com/propiedades/departamento-en-col.-independencia-benito-juarez-59355790.html
59345068,1  Antigüedad,70,m²,70,m²,19.4046309,-99.061564,https://www.inmuebles24.com/propiedades/departamento-en-col.-agricola-pantitlan-iztacalco-59345068.html
59344952,1  Antigüedad,68,m²,68,m²,19.4381449,-99.1638977,https://www.inmuebles24.com/propiedades/departamento-en-col.-san-rafael-cuauhtemoc-ciudad-de-59344952.html
59344542,1  Antigüedad,68,m²,68,m²,19.4919002,-99.1954255,https://www.inmuebles24.com/propiedades/departamento-en-col.-pasteros-azcapotzalco-ciudad-de-59344542.html
59344459,1  Antigüedad,70,m²,70,m²,19.45688,-99.1916315,https://www.inmuebles24.com/propiedades/departamento-en-col.-tacuba-miguel-hidalgo-ciudad-de-59344459.html
59338878,1  Antigüedad,68,m²,68,m²,19.4486008,-99.1380486,https://www.inmuebles24.com/propiedades/departamento-en-col.-guerrero-cuauhtemoc-ciudad-de-59338878.html
59337748,1  Antigüedad,70,m²,70,m²,19.4039298,-99.1431394,https://www.inmuebles24.com/propiedades/departamento-en-col.-algarin-cuauhtemoc-ciudad-de-59337748.html
59336784,1  Antigüedad,65,m²,65,m²,19.4202849,-99.1438396,https://www.inmuebles24.com/propiedades/departamento-en-col.-doctores-cuauhtemoc-ciudad-de-59336784.html
59330381,1  Antigüedad,68,m²,68,m²,19.2792475,-99.1721404,https://www.inmuebles24.com/propiedades/departamento-en-col.-tlalcoligia-tlalpan-ciudad-de-59330381.html
59330046,1  Antigüedad,70,m²,70,m²,19.4634975,-99.1350036,https://www.inmuebles24.com/propiedades/departamento-en-col.-peralvillo-cuauhtemoc-ciudad-de-59330046.html
59318560,1  Antigüedad,68,m²,68,m²,19.475368,-99.1749806,https://www.inmuebles24.com/propiedades/departamento-en-col.-jardin-azpeitia-azcapotzalco-59318560.html
59318403,1  Antigüedad,70,m²,70,m²,19.4047946,-99.0775779,https://www.inmuebles24.com/propiedades/departamento-en-col.-agricola-oriental-iztacalco-59318403.html
59318199,1  Antigüedad,60,m²,60,m²,19.5010786,-99.2014575,https://www.inmuebles24.com/propiedades/departamento-en-col.-tierra-nueva-azcapotzalco-59318199.html
59317067,1  Antigüedad,65,m²,65,m²,19.4556577,-99.1423125,https://www.inmuebles24.com/propiedades/departamento-en-col.-nonoalco-tlatelolco-cuauhtemoc-59317067.html
59316995,1  Antigüedad,70,m²,70,m²,19.4888804,-99.1792781,https://www.inmuebles24.com/propiedades/departamento-en-col.-san-marcos-azcapotzalco-ciudad-59316995.html
59316857,1  Antigüedad,60,m²,60,m²,19.3429098,-99.0677033,https://www.inmuebles24.com/propiedades/departamento-en-col.-los-angeles-iztapalapa-ciudad-59316857.html
59316806,1  Antigüedad,56,m²,56,m²,19.4995698,-99.1725276,https://www.inmuebles24.com/propiedades/departamento-en-col.-industrial-vallejo-azcapotzalco-59316806.html
59314620,1  Antigüedad,60,m²,60,m²,19.335831,-99.1195568,https://www.inmuebles24.com/propiedades/departamento-en-col.-culhuacan-ctm-coyoacan-ciudad-59314620.html
59313227,1  Antigüedad,55,m²,55,m²,19.3425071,-99.0459757,https://www.inmuebles24.com/propiedades/departamento-en-col.-reforma-politica-iztapalapa-59313227.html
58013479,5  Antigüedad,61,m²,61,m²,19.3660535,-99.2981805,https://www.inmuebles24.com/propiedades/departamento-en-venta-col.-cuajimalpa-de-morelos-58013479.html
59254234,A estrenar,233,m²,205,m²,19.3130993,-99.2204445,https://www.inmuebles24.com/propiedades/exclusivos-departamentos-en-la-mejor-zona-del-sur-del-59254234.html
59254233,A estrenar,213,m²,186,m²,19.3130993,-99.2204445,https://www.inmuebles24.com/propiedades/-exclusivos-departamentos-en-la-mejor-zona-del-sur-del-59254233.html
59252242,A estrenar,130,m²,110,m²,19.30522801,-99.20584931,https://www.inmuebles24.com/propiedades/-exclusivos-departamentos-en-la-mejor-zona-del-sur-del-59252242.html
58847310,A estrenar,54,m²,54,m²,19.3947478,-99.150588,https://www.inmuebles24.com/propiedades/muy-bonitos-departamentos-a-estrenar-en-la-colonia-58847310.html
58847172,A estrenar,67,m²,67,m²,19.3947478,-99.150588,https://www.inmuebles24.com/propiedades/muy-bonitos-departamentos-a-estrenar-en-la-colonia-58847172.html
58402332,10  Antigüedad,82,m²,82,m²,19.436,-99.169,https://www.inmuebles24.com/propiedades/departamento-en-venta-col.-cuauhtemoc-ciudad-de-mexico-58402332.html
58399314,2  Antigüedad,81,m²,81,m²,19.3795682,-99.2538313,https://www.inmuebles24.com/propiedades/venta-de-departamento-en-santa-fe-cuajimalpa-ciudad-58399314.html
57822500,17  Antigüedad,0,,80,m²,19.4563025,-99.1857412,https://www.inmuebles24.com/propiedades/dpto-en-remate-bancario-en-excelente-zona-de-la-ciudad-57822500.html
57769465,2013  Antigüedad,190,m²,190,m²,19.3772127,-99.2696164,https://www.inmuebles24.com/propiedades/departamento-en-venta-en-torre-sens-ciudad-de-mexico-57769465.html
60994801,2   Recámaras,150,m²,150,m²,19.3645822,-99.26756211,https://www.inmuebles24.com/propiedades/departamento-alvaro-obregon-60994801.html
58711470,A estrenar,81,m²,81,m²,19.3943574,-99.1774462,https://www.inmuebles24.com/propiedades/departamento-nuevo-en-venta-napoles-dh-20-2539-58711470.html
58711801,A estrenar,86,m²,86,m²,19.3943574,-99.1774462,https://www.inmuebles24.com/propiedades/departamento-nuevo-en-venta-napoles-dh-20-2540-58711801.html
58711399,A estrenar,77,m²,77,m²,19.3943574,-99.1774462,https://www.inmuebles24.com/propiedades/departamento-nuevo-en-venta-napoles-dh-20-2538-58711399.html
58711926,A estrenar,62,m²,62,m²,19.3943574,-99.1774462,https://www.inmuebles24.com/propiedades/departamento-nuevo-en-venta-napoles-dh-20-2536-58711926.html
58711556,A estrenar,32,m²,32,m²,19.3943574,-99.1774462,https://www.inmuebles24.com/propiedades/departamento-nuevo-en-venta-napoles-dh-20-2541-58711556.html
59634180,10  Antigüedad,12,m²,12,m²,19.3617203,-99.2834093,https://www.inmuebles24.com/propiedades/depa-santa-fe-59634180.html
59327296,25  Antigüedad,100,m²,400,m²,19.3378222,-99.2466874,https://www.inmuebles24.com/propiedades/departamento-en-venta-en-olivar-de-los-padres-59327296.html
59568002,37  Antigüedad,54,m²,54,m²,19.5094012,-99.2037508,https://www.inmuebles24.com/propiedades/vendo-departamento-a-5-minutos-del-metro-el-rosario-59568002.html
60988176,15  Antigüedad,59,m²,59,m²,19.4851631,-99.1117364,https://www.inmuebles24.com/propiedades/departamento-ubicado-en-ramon-lopez-rayon-14-martin-60988176.html
59386380,A estrenar,100,m²,100,m²,19.3653898,-99.1895591,https://www.inmuebles24.com/propiedades/departamento-av-revolucion-ciudad-de-mexico-remate-100-59386380.html
60956014,10  Antigüedad,0,,152,m²,19.4737341,-99.1234372,https://www.inmuebles24.com/propiedades/venta-de-casa-calle-la-corona-industrial-ciudad-de-60956014.html
60955861,6  Antigüedad,140,m²,140,m²,19.4131771,-99.1715038,https://www.inmuebles24.com/propiedades/venta-de-departamento-av-nuevo-leon-113-condesa-60955861.html
60948684,6  Antigüedad,65,m²,65,m²,19.4612757,-99.1428659,https://www.inmuebles24.com/propiedades/venta-de-departamento-calle-martinelli-42-san-simon-60948684.html
60657466,40  Antigüedad,0,,60,m²,19.5045623,-99.0937236,https://www.inmuebles24.com/propiedades/departamento-en-venta-cerca-de-metro-martin-carrera-60657466.html
